{
  "_meta": {
    "generated_at": "2026-02-04T17:20:00Z",
    "purpose": "Representative sample data for UI testing",
    "note": "Data anonymized where needed"
  },
  "clients": [
    {"id": "cl-gmg-001", "name": "GMG Consumer LLC", "tier": "A", "health_score": 72.5, "financial_ar_outstanding": 107586.15},
    {"id": "cl-gargash-001", "name": "Gargash Enterprises L.L.C", "tier": "A", "health_score": 85.0, "financial_ar_outstanding": 1260.0},
    {"id": "cl-supercare-001", "name": "Super Care Pharmacy L.L.C", "tier": "B", "health_score": 65.0, "financial_ar_outstanding": 75245.63},
    {"id": "cl-fiveguys-001", "name": "FGE International BV", "tier": "B", "health_score": 78.0, "financial_ar_outstanding": 1200.0},
    {"id": "cl-binsina-001", "name": "BinSina Pharmacy L.L.C", "tier": "B", "health_score": 70.0, "financial_ar_outstanding": 0.0}
  ],
  "brands": [
    {"id": "brand-monoprix", "name": "Monoprix", "client_id": "cl-gmg-001"},
    {"id": "brand-geant", "name": "Geant", "client_id": "cl-gmg-001"},
    {"id": "brand-aswaaq", "name": "Aswaaq", "client_id": "cl-gmg-001"},
    {"id": "brand-mercedes", "name": "Mercedes-Benz", "client_id": "cl-gargash-001"},
    {"id": "brand-supercare", "name": "Supercare", "client_id": "cl-supercare-001"}
  ],
  "projects": [
    {"id": "ret-monoprix", "name": "Monoprix Monthly", "status": "active", "health": "green", "client_id": "cl-gmg-001", "brand_id": "brand-monoprix", "is_internal": 0, "completion_pct": 65.0},
    {"id": "ret-geant", "name": "Geant Monthly", "status": "active", "health": "yellow", "client_id": "cl-gmg-001", "brand_id": "brand-geant", "is_internal": 0, "completion_pct": 45.0},
    {"id": "ret-aswaaq", "name": "Aswaaq Monthly", "status": "active", "health": "green", "client_id": "cl-gmg-001", "brand_id": "brand-aswaaq", "is_internal": 0, "completion_pct": 80.0},
    {"id": "ret-mb", "name": "Mercedes-Benz Monthly", "status": "active", "health": "green", "client_id": "cl-gargash-001", "brand_id": "brand-mercedes", "is_internal": 0, "completion_pct": 70.0},
    {"id": "ret-supercare", "name": "Supercare Monthly", "status": "active", "health": "yellow", "client_id": "cl-supercare-001", "brand_id": "brand-supercare", "is_internal": 0, "completion_pct": 55.0},
    {"id": "ret-binsina", "name": "BinSina Monthly", "status": "active", "health": "green", "client_id": "cl-binsina-001", "brand_id": null, "is_internal": 0, "completion_pct": 60.0},
    {"id": "ret-fiveguys", "name": "Five Guys Monthly", "status": "active", "health": "green", "client_id": "cl-fiveguys-001", "brand_id": null, "is_internal": 0, "completion_pct": 75.0},
    {"id": "internal-misc", "name": "Internal Operations", "status": "active", "health": "green", "client_id": null, "brand_id": null, "is_internal": 1, "completion_pct": 30.0},
    {"id": "internal-website", "name": "Website Redesign", "status": "active", "health": "yellow", "client_id": null, "brand_id": null, "is_internal": 1, "completion_pct": 20.0},
    {"id": "proj-ramadan", "name": "GMG Ramadan Campaign", "status": "active", "health": "red", "client_id": "cl-gmg-001", "brand_id": "brand-monoprix", "is_internal": 0, "completion_pct": 15.0, "deadline": "2026-03-15"}
  ],
  "tasks": [
    {"id": "task-001", "title": "Geant: December shoot setup", "status": "active", "project_id": "ret-geant", "client_id": "cl-gmg-001", "due_date": "2025-12-09", "assignee_raw": "Ahmed Salah", "lane": "client", "priority": 75},
    {"id": "task-002", "title": "Geant: January shoot planning", "status": "active", "project_id": "ret-geant", "client_id": "cl-gmg-001", "due_date": "2025-12-19", "assignee_raw": "unassigned", "lane": "client", "priority": 60},
    {"id": "task-003", "title": "BinSina: December Calendar", "status": "active", "project_id": "ret-binsina", "client_id": "cl-binsina-001", "due_date": "2025-12-24", "assignee_raw": "Ahmed Salah", "lane": "client", "priority": 70},
    {"id": "task-004", "title": "Five Guys: January Content", "status": "active", "project_id": "ret-fiveguys", "client_id": "cl-fiveguys-001", "due_date": "2025-12-25", "assignee_raw": "Zeiad", "lane": "client", "priority": 68},
    {"id": "task-005", "title": "Supercare: December Reel", "status": "active", "project_id": "ret-supercare", "client_id": "cl-supercare-001", "due_date": "2025-12-25", "assignee_raw": "Zeiad", "lane": "client", "priority": 72},
    {"id": "task-006", "title": "PPM: Deck Design", "status": "active", "project_id": "internal-misc", "client_id": null, "due_date": "2025-12-30", "assignee_raw": "Raafat", "lane": "ops", "priority": 50},
    {"id": "task-007", "title": "Canva deck preparation", "status": "active", "project_id": "internal-misc", "client_id": null, "due_date": "2025-12-30", "assignee_raw": "Mark Magdi", "lane": "ops", "priority": 45},
    {"id": "task-008", "title": "Monoprix: January South African Olives", "status": "active", "project_id": "ret-monoprix", "client_id": "cl-gmg-001", "due_date": "2025-12-30", "assignee_raw": "Fady", "lane": "client", "priority": 65},
    {"id": "task-009", "title": "Monoprix: January Shop Parisian", "status": "active", "project_id": "ret-monoprix", "client_id": "cl-gmg-001", "due_date": "2025-12-30", "assignee_raw": "Fady", "lane": "client", "priority": 65},
    {"id": "task-010", "title": "BinSina: January Myth vs Fact", "status": "active", "project_id": "ret-binsina", "client_id": "cl-binsina-001", "due_date": "2026-01-19", "assignee_raw": "Ahmed Salah", "lane": "client", "priority": 55},
    {"id": "task-011", "title": "Monoprix: January Animation", "status": "active", "project_id": "ret-monoprix", "client_id": "cl-gmg-001", "due_date": "2026-01-19", "assignee_raw": "Noura El Rakaiby", "lane": "client", "priority": 55},
    {"id": "task-012", "title": "BinSina: January 2026 skin", "status": "active", "project_id": "ret-binsina", "client_id": "cl-binsina-001", "due_date": "2026-01-19", "assignee_raw": "Eifel Vien Guinto", "lane": "client", "priority": 55},
    {"id": "task-013", "title": "Aswaaq: January ice up ramadan", "status": "active", "project_id": "ret-aswaaq", "client_id": "cl-gmg-001", "due_date": "2026-01-19", "assignee_raw": "Eifel Vien Guinto", "lane": "client", "priority": 55},
    {"id": "task-014", "title": "Supercare: January Content briefs", "status": "active", "project_id": "ret-supercare", "client_id": "cl-supercare-001", "due_date": "2026-01-20", "assignee_raw": "Mostafa Shaker", "lane": "client", "priority": 52},
    {"id": "task-015", "title": "Supercare: January olaplex", "status": "active", "project_id": "ret-supercare", "client_id": "cl-supercare-001", "due_date": "2026-01-20", "assignee_raw": "Aya Hneineh", "lane": "client", "priority": 52},
    {"id": "task-016", "title": "Monoprix: January Origin of Cut", "status": "active", "project_id": "ret-monoprix", "client_id": "cl-gmg-001", "due_date": "2026-01-20", "assignee_raw": "Ahmed Salah", "lane": "client", "priority": 52},
    {"id": "task-017", "title": "BinSina: January BinSina Vs Google", "status": "active", "project_id": "ret-binsina", "client_id": "cl-binsina-001", "due_date": "2026-01-20", "assignee_raw": "Ahmed Salah", "lane": "client", "priority": 52},
    {"id": "task-018", "title": "Website wireframes", "status": "blocked", "project_id": "internal-website", "client_id": null, "due_date": "2026-01-25", "assignee_raw": "Design Team", "lane": "ops", "priority": 48},
    {"id": "task-019", "title": "Ramadan campaign brief", "status": "active", "project_id": "proj-ramadan", "client_id": "cl-gmg-001", "due_date": "2026-02-01", "assignee_raw": "Strategy Team", "lane": "strategy", "priority": 80},
    {"id": "task-020", "title": "Ramadan creative concepts", "status": "pending", "project_id": "proj-ramadan", "client_id": "cl-gmg-001", "due_date": "2026-02-15", "assignee_raw": "Creative Team", "lane": "creative", "priority": 75},
    {"id": "task-021", "title": "Q1 Planning review", "status": "done", "project_id": "internal-misc", "client_id": null, "due_date": "2026-01-15", "assignee_raw": "Moh", "lane": "ops", "priority": 85},
    {"id": "task-022", "title": "Client retainer renewal", "status": "active", "project_id": "internal-misc", "client_id": null, "due_date": "2026-02-28", "assignee_raw": "Finance", "lane": "finance", "priority": 70},
    {"id": "task-023", "title": "Team performance review", "status": "active", "project_id": "internal-misc", "client_id": null, "due_date": "2026-02-15", "assignee_raw": "Moh", "lane": "ops", "priority": 65},
    {"id": "task-024", "title": "MB January content review", "status": "active", "project_id": "ret-mb", "client_id": "cl-gargash-001", "due_date": "2026-01-22", "assignee_raw": "Creative Lead", "lane": "client", "priority": 60},
    {"id": "task-025", "title": "Five Guys February planning", "status": "active", "project_id": "ret-fiveguys", "client_id": "cl-fiveguys-001", "due_date": "2026-01-30", "assignee_raw": "Account Manager", "lane": "client", "priority": 55},
    {"id": "task-026", "title": "Supercare Q1 strategy", "status": "active", "project_id": "ret-supercare", "client_id": "cl-supercare-001", "due_date": "2026-01-25", "assignee_raw": "Strategy Team", "lane": "strategy", "priority": 62},
    {"id": "task-027", "title": "Social media audit", "status": "active", "project_id": "internal-misc", "client_id": null, "due_date": "2026-02-10", "assignee_raw": "Social Team", "lane": "ops", "priority": 45},
    {"id": "task-028", "title": "New client onboarding docs", "status": "active", "project_id": "internal-misc", "client_id": null, "due_date": "2026-02-20", "assignee_raw": "Ops Team", "lane": "ops", "priority": 40},
    {"id": "task-029", "title": "Portfolio website update", "status": "pending", "project_id": "internal-website", "client_id": null, "due_date": "2026-03-01", "assignee_raw": "Dev Team", "lane": "tech", "priority": 35},
    {"id": "task-030", "title": "Annual report design", "status": "active", "project_id": "internal-misc", "client_id": null, "due_date": "2026-03-15", "assignee_raw": "Design Team", "lane": "creative", "priority": 50}
  ],
  "communications": [
    {"id": "comm-001", "subject": "Wonderbee x Hrmny - Pricing & Next Steps", "from_email": "contact@wonderbee.com", "received_at": "2026-02-04T10:30:00Z", "client_id": null, "link_status": "unlinked"},
    {"id": "comm-002", "subject": "Partnership Discussion", "from_email": "partner@example.co", "received_at": "2026-02-04T09:15:00Z", "client_id": null, "link_status": "unlinked"},
    {"id": "comm-003", "subject": "Hrmny - Invoice - Five Guys Retainer (January 2026)", "from_email": "finance@hrmny.co", "received_at": "2026-02-03T14:00:00Z", "client_id": "cl-fiveguys-001", "link_status": "linked"},
    {"id": "comm-004", "subject": "[MP] Partner Planning 2026: Recap", "from_email": "team@hrmny.co", "received_at": "2026-02-03T11:30:00Z", "client_id": null, "link_status": "unlinked"},
    {"id": "comm-005", "subject": "Weekly Revenue & Pipeline", "from_email": "team@hrmny.co", "received_at": "2026-02-02T16:00:00Z", "client_id": null, "link_status": "unlinked"},
    {"id": "comm-006", "subject": "GMG Campaign Feedback", "from_email": "marketing@gmg.ae", "received_at": "2026-02-02T10:00:00Z", "client_id": "cl-gmg-001", "link_status": "linked"},
    {"id": "comm-007", "subject": "Re: January Content Calendar", "from_email": "team@supercare.ae", "received_at": "2026-02-01T15:30:00Z", "client_id": "cl-supercare-001", "link_status": "linked"},
    {"id": "comm-008", "subject": "Contract Renewal Discussion", "from_email": "legal@gargash.com", "received_at": "2026-02-01T09:00:00Z", "client_id": "cl-gargash-001", "link_status": "linked"},
    {"id": "comm-009", "subject": "Invoice Inquiry", "from_email": "accounts@binsina.com", "received_at": "2026-01-31T14:00:00Z", "client_id": "cl-binsina-001", "link_status": "linked"},
    {"id": "comm-010", "subject": "New Project Brief", "from_email": "new@prospect.com", "received_at": "2026-01-31T11:00:00Z", "client_id": null, "link_status": "unlinked"},
    {"id": "comm-011", "subject": "Feedback on Deliverables", "from_email": "team@gmg.ae", "received_at": "2026-01-30T16:00:00Z", "client_id": "cl-gmg-001", "link_status": "linked"},
    {"id": "comm-012", "subject": "Schedule Confirmation", "from_email": "assistant@gargash.com", "received_at": "2026-01-30T10:00:00Z", "client_id": "cl-gargash-001", "link_status": "linked"},
    {"id": "comm-013", "subject": "Re: Campaign Assets", "from_email": "creative@supercare.ae", "received_at": "2026-01-29T15:00:00Z", "client_id": "cl-supercare-001", "link_status": "linked"},
    {"id": "comm-014", "subject": "Meeting Request", "from_email": "exec@fiveguys.com", "received_at": "2026-01-29T09:00:00Z", "client_id": "cl-fiveguys-001", "link_status": "linked"},
    {"id": "comm-015", "subject": "Content Approval", "from_email": "brand@binsina.com", "received_at": "2026-01-28T14:00:00Z", "client_id": "cl-binsina-001", "link_status": "linked"},
    {"id": "comm-016", "subject": "Newsletter Draft", "from_email": "internal@hrmny.co", "received_at": "2026-01-28T10:00:00Z", "client_id": null, "link_status": "unlinked"},
    {"id": "comm-017", "subject": "Vendor Inquiry", "from_email": "vendor@supplier.com", "received_at": "2026-01-27T16:00:00Z", "client_id": null, "link_status": "unlinked"},
    {"id": "comm-018", "subject": "Re: Project Timeline", "from_email": "pm@gmg.ae", "received_at": "2026-01-27T11:00:00Z", "client_id": "cl-gmg-001", "link_status": "linked"},
    {"id": "comm-019", "subject": "Budget Approval", "from_email": "finance@gargash.com", "received_at": "2026-01-26T14:00:00Z", "client_id": "cl-gargash-001", "link_status": "linked"},
    {"id": "comm-020", "subject": "Welcome to Hrmny", "from_email": "hr@hrmny.co", "received_at": "2026-01-26T09:00:00Z", "client_id": null, "link_status": "unlinked"}
  ],
  "invoices": [
    {"id": "inv-001", "external_id": "INV-1451", "client_name": "GMG Consumer LLC", "client_id": "cl-gmg-001", "amount": 7350.0, "status": "overdue", "aging_bucket": "90+", "due_date": "2025-11-01"},
    {"id": "inv-002", "external_id": "INV-1411", "client_name": "Super Care Pharmacy L.L.C", "client_id": "cl-supercare-001", "amount": 30098.25, "status": "overdue", "aging_bucket": "61-90", "due_date": "2025-11-30"},
    {"id": "inv-003", "external_id": "INV-1410", "client_name": "Super Care Pharmacy L.L.C", "client_id": "cl-supercare-001", "amount": 15049.13, "status": "overdue", "aging_bucket": "61-90", "due_date": "2025-11-30"},
    {"id": "inv-004", "external_id": "INV-1478", "client_name": "Gargash Enterprises L.L.C", "client_id": "cl-gargash-001", "amount": 1260.0, "status": "overdue", "aging_bucket": "61-90", "due_date": "2025-12-01"},
    {"id": "inv-005", "external_id": "INV-1409", "client_name": "GMG Consumer LLC", "client_id": "cl-gmg-001", "amount": 100236.15, "status": "overdue", "aging_bucket": "31-60", "due_date": "2025-12-24"},
    {"id": "inv-006", "external_id": "INV-1495", "client_name": "FGE International BV", "client_id": "cl-fiveguys-001", "amount": 1200.0, "status": "overdue", "aging_bucket": "31-60", "due_date": "2025-12-26"},
    {"id": "inv-007", "external_id": "INV-1487", "client_name": "Super Care Pharmacy L.L.C", "client_id": "cl-supercare-001", "amount": 30098.25, "status": "overdue", "aging_bucket": "31-60", "due_date": "2025-12-30"},
    {"id": "inv-008", "external_id": "INV-1510", "client_name": "ASICS Arabia", "client_id": null, "amount": 26675.0, "status": "overdue", "aging_bucket": "1-30", "due_date": "2026-01-15"},
    {"id": "inv-009", "external_id": "INV-1520", "client_name": "GMG Consumer LLC", "client_id": "cl-gmg-001", "amount": 45000.0, "status": "sent", "aging_bucket": "current", "due_date": "2026-02-15"},
    {"id": "inv-010", "external_id": "INV-1521", "client_name": "BinSina Pharmacy L.L.C", "client_id": "cl-binsina-001", "amount": 18500.0, "status": "sent", "aging_bucket": "current", "due_date": "2026-02-20"}
  ],
  "resolution_queue": [
    {"id": "rq-001", "entity_type": "task", "entity_id": "task-002", "issue_type": "unassigned", "priority": 2, "context": "Task has no assignee"},
    {"id": "rq-002", "entity_type": "task", "entity_id": "task-018", "issue_type": "blocked", "priority": 1, "context": "Task blocked for >7 days"},
    {"id": "rq-003", "entity_type": "communication", "entity_id": "comm-001", "issue_type": "unlinked", "priority": 3, "context": "Cannot match to client"},
    {"id": "rq-004", "entity_type": "project", "entity_id": "proj-ramadan", "issue_type": "at_risk", "priority": 1, "context": "15% complete, deadline in 39 days"},
    {"id": "rq-005", "entity_type": "invoice", "entity_id": "inv-001", "issue_type": "severely_overdue", "priority": 1, "context": "90+ days overdue"},
    {"id": "rq-006", "entity_type": "task", "entity_id": "task-001", "issue_type": "overdue", "priority": 2, "context": "Due date passed"},
    {"id": "rq-007", "entity_type": "communication", "entity_id": "comm-002", "issue_type": "unlinked", "priority": 3, "context": "New prospect - needs review"},
    {"id": "rq-008", "entity_type": "project", "entity_id": "internal-website", "issue_type": "stalled", "priority": 2, "context": "No activity in 14 days"},
    {"id": "rq-009", "entity_type": "client", "entity_id": "cl-supercare-001", "issue_type": "ar_risk", "priority": 2, "context": "High AR balance"},
    {"id": "rq-010", "entity_type": "task", "entity_id": "task-020", "issue_type": "pending_start", "priority": 3, "context": "Task not started, due in 11 days"}
  ],
  "pending_actions": [],
  "events": [
    {"id": "evt-001", "title": "Team Standup", "start_time": "2026-02-04T09:00:00", "end_time": "2026-02-04T09:30:00", "status": "confirmed"},
    {"id": "evt-002", "title": "GMG Campaign Review", "start_time": "2026-02-04T11:00:00", "end_time": "2026-02-04T12:00:00", "status": "confirmed"},
    {"id": "evt-003", "title": "Client Call: Supercare", "start_time": "2026-02-04T14:00:00", "end_time": "2026-02-04T14:30:00", "status": "confirmed"},
    {"id": "evt-004", "title": "Strategy Session", "start_time": "2026-02-05T10:00:00", "end_time": "2026-02-05T11:30:00", "status": "confirmed"},
    {"id": "evt-005", "title": "Five Guys Quarterly Review", "start_time": "2026-02-05T15:00:00", "end_time": "2026-02-05T16:00:00", "status": "tentative"},
    {"id": "evt-006", "title": "Internal: Finance Review", "start_time": "2026-02-06T09:00:00", "end_time": "2026-02-06T10:00:00", "status": "confirmed"},
    {"id": "evt-007", "title": "Creative Brainstorm", "start_time": "2026-02-06T14:00:00", "end_time": "2026-02-06T15:30:00", "status": "confirmed"},
    {"id": "evt-008", "title": "Gargash Contract Discussion", "start_time": "2026-02-07T11:00:00", "end_time": "2026-02-07T12:00:00", "status": "confirmed"},
    {"id": "evt-009", "title": "Weekly All-Hands", "start_time": "2026-02-07T16:00:00", "end_time": "2026-02-07T17:00:00", "status": "confirmed"},
    {"id": "evt-010", "title": "Ramadan Campaign Kickoff", "start_time": "2026-02-10T10:00:00", "end_time": "2026-02-10T12:00:00", "status": "confirmed"}
  ],
  "time_blocks": []
}
